"X","date","sal","do","ph","depth","w.temp","a.temp"
1,"1/3/1994",1.3,11.7,7.3,0.4,5.9,8
2,"1/31/1994",1.5,12,7.4,0.35,3,2.6
3,"2/7/1994",1,10.5,7.2,0.6,5.9,7.6
4,"2/23/1994",1,10.1,7.4,0.5,10,2.7
5,"2/28/1994",1,12.6,7.2,0.4,1.6,0
6,"3/7/1994",1,9.9,7.1,0.9,9.7,15.2
7,"3/14/1994",0.5,10.4,7.2,0.75,9.8,10.1
8,"3/28/1994",1,9.2,7.1,0.95,16.1,22.1
9,"4/4/1994",1,9.2,7.2,0.75,15,13.5
10,"4/11/1994",1,8.6,7.3,0.75,15.7,13
11,"4/18/1994",1,8.8,7.6,0.7,17.5,16.6
12,"4/25/1994",1,10,7.9,0.5,19.3,22.1
13,"5/2/1994",1.3,9.8,7.5,0.65,16.1,13
14,"5/9/1994",1,10.1,7.9,0.75,18.8,19.5
15,"5/16/1994",1,8.2,7.8,0.8,22.1,22.3
16,"5/23/1994",1,10.8,9.1,0.05,21.7,24.3
17,"5/30/1994",1,8.7,8.5,0.8,22.3,22.7
18,"6/6/1994",1,9.4,8.6,0.8,23.8,25.7
19,"6/13/1994",1.2,10.4,9,0.8,27.9,26.9
20,"6/20/1994",1.5,9.8,9,0.7,29.5,30.5
21,"6/27/1994",1.5,7.3,8.1,1.2,25.5,27.9
22,"7/3/1994",2,10.7,9,0.9,28.5,28
23,"6/25/1994",2,11,9.4,0.9,30.5,28.5
24,"8/1/1994",2,10.7,9.2,0.75,29,25.5
25,"8/8/1994",2,10.2,9.2,0.55,22,21.5
26,"8/15/1994",2.3,6.9,8.8,0.9,24.5,20
27,"8/22/1994",2,9.1,9.1,0.9,27,24.5
28,"8/29/1994",2.3,9.8,9.3,0.75,27,27
29,"9/5/1994",2.5,8.6,8.5,1.2,17,17
30,"9/12/1994",2.5,7.9,8.4,0.6,21,19
31,"9/19/1994",2.5,8.2,8.1,0.6,20.5,21.5
32,"9/26/1994",2.25,6.9,8.1,0.8,23,23
33,"10/10/1994",2.5,8.4,8.1,0.5,17,17
34,"10/24/1994",2.5,7.4,7.6,0.85,18,19
35,"11/7/1994",2.5,9,7.3,0.5,15,15
36,"11/28/1994",2.8,9.4,7.7,0.65,13,17.5
37,"12/12/1994",2.5,11.4,6.9,0.4,5,5
38,"12/29/1994",3,10.4,6.9,0.4,8,9.5
58,"1/22/1990",1,9.7,7.5,0.65,10,12
60,"2/7/1990",3.4,10.8,7.5,0.6,10,10
61,"2/12/1990",3.2,10.6,7,0.7,10,9
62,"2/20/1990",4.2,11.6,7.5,0.39,5,5
63,"2/27/1990",2.8,13.8,7,1.5,2.5,1
64,"3/5/1990",2.9,11.6,7,0.4,7,8.5
65,"3/12/1990",2.9,9,7,0.69,17,21
66,"3/19/1990",2.8,7.8,7,0.92,15,14
67,"3/26/1990",3,10.8,7,0.4,9.5,9
68,"4/2/1990",1.8,9.6,8,0.7,5,15
69,"4/9/1990",4.1,10.8,7,0.78,11,12
70,"4/16/1990",2.5,9.7,7,0.72,15,14
71,"4/23/1990",2.8,10.7,7,0.59,15,15
72,"4/30/1990",3.2,10,7,1.3,18,16
73,"5/7/1990",4.5,8.9,7,0.75,17,18
74,"5/14/1990",3.7,8.4,7,1,20,19
76,"5/29/1990",2.1,8.9,7,0.95,19,20
77,"6/4/1990",3.5,6.9,7,1.22,24,25
78,"6/11/1990",3.2,7.9,7,0.75,24,22
79,"6/16/1990",3.2,7.7,7,0.62,23.5,20
80,"6/24/1990",3.8,7.9,7,0.91,26,26
81,"7/2/1990",3.7,7.8,7,0.78,24,23.5
82,"7/9/1990",4.2,7.5,7.5,0.82,26,26.5
83,"7/16/1990",3.9,7.5,7,1.25,26.5,-17.77777778
84,"7/26/1990",4.2,6.9,7.75,0.48,27,26
85,"8/6/1990",4.2,7.7,8,0.98,26,26
86,"8/13/1990",4.2,7.8,8,0.82,27,27
87,"8/27/1990",4.2,8.9,8,0.94,27,28.5
88,"9/4/1990",2.9,8.1,8,0.68,23,24
89,"9/17/1990",2.4,8.8,8,0.78,21,18
90,"10/15/1990",3.5,8.2,8,0.93,23,22
91,"10/29/1990",0.7,12.5,8,0.38,9,10
92,"12/17/1990",0.5,11.05,7.5,0.6,8,8
93,"1/7/1991",0.7,11.8,8,0.39,9,8
94,"1/14/1991",0.4,12.2,8,0.65,4.5,4
95,"1/24/1991",0.5,13.2,7.5,0.65,4.5,4.5
96,"1/3/1991",0.5,11.9,7.5,0.78,9,11
98,"2/11/1991",0.7,11.1,7.5,0.41,7.5,8
99,"2/21/1991",1.2,10.8,7.5,0.72,12,10.5
100,"2/25/1991",0.7,11.8,7.5,0.28,8,8
101,"3/4/1991",1.2,10,7.5,1.6,15,16
102,"3/11/1991",0.4,12.9,7.5,0.35,6,4
104,"3/25/1991",0,9.8,8,0.94,14,13
105,"4/4/1991",1.2,10.7,8,0.78,13,14
106,"4/8/1991",2.1,8.7,8,0.83,19,21
107,"4/15/1991",1.2,8.9,7.5,0.52,14,15.5
108,"4/22/1991",0.9,9.75,7.5,0.55,12.5,13
109,"4/29/1991",2.4,8.3,7.5,0.8,20.5,18
110,"5/6/1991",2.6,8,7.5,0.95,21,23.5
111,"5/20/1991",1.3,9.5,7.5,0.5,15.5,15
112,"6/10/1991",3,6.9,7.5,0.7,23,26
113,"6/17/1991",3.8,6.8,7.5,1.09,26,27
114,"6/26/1991",2.8,8.1,7.5,0.7,21,21.5
115,"7/9/1991",1.8,7.8,7.5,0.95,28,29.5
116,"7/15/1991",0,8,7.5,0.375,27.5,28
118,"8/2/1991",0.7,8,7.5,1.025,24.5,26.5
125,"9/23/1991",1.8,8.5,8,0.52,20,21
126,"10/4/1991",3.5,7.7,7.5,0.7,21,22
127,"10/17/1991",9,9.7,7.5,0.65,13,11
128,"10/31/1991",2.5,9.2,7.5,1.5,13,15
129,"11/7/1991",4.7,10.2,7.7,0.75,13,13.5
130,"11/14/1991",6.2,11.3,7,0.8,12,13.5
131,"11/21/1991",2.6,9.1,7,0.85,17,19.5
132,"11/29/1991",3.3,10.8,7.5,0.6,12,15
133,"12/9/1991",2,10.4,7.5,0.25,10,15
134,"12/20/1991",1.4,15.1,8,0.3,2,2
135,"12/27/1991",2.9,11.6,7.5,0.49,7,7
136,"1/3/1992",2,11.8,7.5,0.45,10,12
137,"1/9/1992",2.2,11.3,7.5,0.99,7.5,9.5
138,"1/20/1992",1.4,12.6,7,0.58,2,0.5
139,"1/30/1992",1.6,11.6,7,0.48,6,6.5
140,"2/10/1992",2.4,14.2,7,0.3,3,4
141,"2/17/1992",2,11.1,7,0.68,10,7
142,"2/23/1992",2.4,10,7.5,0.68,12.5,12.5
143,"3/2/1992",2.9,11.3,8,0.8,13,15.5
144,"3/9/1992",3.5,10,7.5,0.75,16,18
146,"3/23/1992",2.9,11.6,7.5,0.35,3,7
147,"4/6/1992",3,11,7.5,0.42,9,10
148,"4/13/1992",3.8,10.6,7.5,0.5,13,7.5
149,"4/20/1992",4.7,9.4,7,0.78,17,13
150,"4/27/1992",3.7,9.6,7,0.65,14,13.05
151,"5/5/1992",3.8,8.9,7.5,0.6,15.5,10
152,"5/11/1992",4.2,9.2,7.5,0.7,17.5,17
154,"6/1/1992",5,9.4,7,0.9,20,20.5
155,"6/8/1992",4.3,7.9,7,1.05,27.5,29
156,"6/15/1992",5.1,7.8,8,0.8,25,29
157,"6/22/1992",4.7,9,7.5,0.68,19,18
158,"6/29/1992",4.5,0.8,7.5,0.8,26,26
159,"7/6/1992",4.3,7.5,7.5,1,25,24
160,"7/13/1992",5.1,7.3,7.5,0.95,28.5,31
161,"7/27/1992",5.1,7.6,8,0.95,28,30.5
162,"8/3/1992",4.5,8,8,0.85,26,26
163,"8/7/1992",4.7,8,8,0.6,23,25
164,"8/14/1992",4.7,7.1,7.5,0.95,24.5,22
165,"8/23/1992",3.9,8.5,8,0.8,24.5,26
166,"8/31/1992",4.3,7.7,7.5,1,23,25
167,"9/14/1992",4.8,9.2,8,0.38,19.5,22
168,"9/20/1992",4.3,7.6,7.5,0.8,23.5,24
169,"9/27/1992",5.4,9.8,8,0.45,24,26.5
170,"10/5/1992",3.9,9.2,7.5,0.15,16,17
171,"10/19/1992",4.1,9.8,7.5,1,12,10
172,"10/26/1992",4.2,10.6,7,0.63,12.5,13
173,"11/2/1992",3.4,10.6,7.5,0.65,16.5,17.5
174,"11/9/1992",1.7,11.3,7.5,0.4,9,10
175,"11/16/1992",3.9,11,7.5,0.55,7.5,5.5
176,"11/23/1992",3.9,9,7.85,0.85,18.5,21.5
177,"11/30/1992",3.7,10.9,7.5,0.7,9,8
178,"12/17/1992",4.1,10.8,7,0.5,12,15.5
179,"12/20/1992",3.8,10.1,7,0.85,10.5,10.5
180,"12/27/1992",4.7,13.2,7,0.45,5.5,5.5
181,"1/4/1993",3.7,11,7,0.5,8,16
182,"1/11/1993",3.5,11.9,7,0.25,9,7
183,"1/24/1993",3.3,10.5,7,0.95,10.5,14.5
184,"2/1/1993",2.9,12,7,0.85,6,9.5
185,"2/8/1993",3.4,12.6,7,0.3,5,5.5
186,"2/16/1993",3.5,12.4,7,0.75,8,12
187,"2/22/1993",2.9,12.7,7,0.85,8,15
188,"3/8/1993",3.9,10.7,7,1.15,10,13.5
189,"3/15/1993",3.4,12.8,7,1.7,2.5,1.5
190,"3/22/1993",3.3,11.2,7,0.4,10,11
191,"3/29/1993",3,10,7,0.7,14.5,12.5
193,"4/5/1993",2.5,10,7,0.8,10,7
194,"4/12/1993",2.5,9.7,7,1,15.5,16
195,"4/19/1993",3,10,7,1.15,14.5,12
196,"4/26/1993",3.4,8.7,7,1.2,19,21
197,"5/10/1993",3.2,8,7,0.85,21,21
198,"5/17/1993",3.9,8,7,1,24,25
199,"5/24/1993",2.9,9,7,0.85,20,22
201,"6/14/1993",3.9,8.1,7,0.45,21.5,20.5
202,"6/21/1993",3.8,7.2,7,1,26.5,27
203,"6/28/1993",3.9,7.1,7,0.8,26.5,30
205,"7/19/1993",4.2,7.3,7.5,0.75,27,27.5
207,"8/2/1993",3.9,8,8,0.8,26.5,30
208,"8/9/1993",3.5,9.1,8,0.55,25.5,26.5
212,"9/27/1993",1.8,7.2,7.9,0.95,24.5,24.5
214,"10/12/1993",1.5,8.8,7.8,0.5,16.5,15
215,"10/18/1993",1.5,8.8,7.7,0.75,18,18.3
216,"10/25/1993",1.8,10.6,8.4,0.6,15.6,18.9
217,"11/8/1993",1.5,8.2,7.5,0.55,9.8,11.3
218,"11/15/1993",1.4,9.6,7.9,0.8,17.3,22.5
219,"11/29/1993",1.5,9.4,7.1,0.55,12.1,10.5
220,"12/6/1993",1.5,9.8,7.4,0.75,10.5,9.3
221,"12/13/1993",1.5,13,7.6,0.45,1.3,5.5
222,"12/28/1993",1.5,12.1,7.1,0.7,3.8,4.3
223,"1/16/1995",3,8.5,7.4,0.85,13.5,16.5
224,"1/23/1995",3,10.75,7.1,0.7,4.5,8
225,"2/13/1995",3,12.5,6.8,0.25,2,-1.5
226,"3/6/1995",2.4,9.3,7.1,0.2,9.5,8
227,"3/13/1995",2.4,9.9,6.9,0.65,11.5,15.5
228,"3/20/1995",2.8,8.9,7.1,0.45,12.5,12.5
229,"3/27/1995",2.4,9,7.1,0.45,11,12
230,"4/3/1995",2.4,9.3,7.1,0.55,11.5,12.5
231,"4/10/1995",3.2,8.5,7.1,0.7,15,9
232,"4/18/1995",3,9,7.1,0.5,16,14.5
233,"4/24/1995",3,9.7,7.4,0.55,12.5,10
234,"5/1/1995",3.2,8.9,7.2,0.6,15,11.5
235,"5/15/1995",3.3,6.8,6.8,0.55,21.5,23.5
236,"5/22/1995",3.3,6.8,6.8,0.55,21.5,23.5
237,"5/29/1995",3.5,8.5,7.5,0.4,22,27
238,"6/5/1995",4,7.8,7.6,0.3,25,23
239,"6/12/1995",3.5,7.7,7.9,0.9,26.5,25.5
240,"6/19/1995",3.2,7.7,8,0.55,25,24
241,"6/26/1995",4,8.8,8.3,0.8,28.5,28
243,"7/10/1995",4,7,7.9,0.7,26,26.5
244,"7/17/1995",4,7,8,1,30,29
245,"7/24/1995",4.5,7.2,8.4,0.9,32,33.5
246,"7/31/1995",4.5,7.6,8.1,0.8,29.5,29
247,"8/7/1995",4.5,8.7,8.2,0.6,24,22
248,"8/22/1995",5.5,7.4,8.8,0.5,25,27.5
249,"8/29/1995",4.5,9.9,8.7,0.65,25.5,26
250,"9/5/1995",4.8,10.5,9,0.75,26,27
251,"9/12/1995",4.5,10.4,9.2,0.7,24.5,27
252,"9/28/1995",4.8,9.5,8.7,0.7,21,24
253,"10/5/1995",4.4,9.9,7.2,0.45,15.5,17.2
254,"10/6/1995",5,8.9,8.5,1.15,24.5,27.5
255,"10/11/1995",2.4,8.69,7.2,0.75,17.5,14.8
256,"10/20/1995",2.2,9.71,7.6,0.73,15,13.6
257,"10/23/1995",4.5,11.6,9,0.8,18.5,20.5
258,"10/26/1995",2.8,8.15,6.7,0.75,19,19.6
259,"10/30/1995",4.5,9.9,8.5,0.75,14,15.5
260,"11/6/1995",4,11.8,8.5,0.55,9.5,11
261,"11/13/1995",4.5,11.3,8.1,0.7,9.5,14
262,"11/20/1995",4,11.8,8.4,0.55,8,10.5
263,"11/27/1995",4,9.5,8.1,0.75,10,9
265,"1/22/1996",4,11.7,7.4,0.55,4,4
266,"1/29/1996",3.5,11.2,7.2,0.65,4,6
267,"2/12/1996",3.5,10.8,7.1,0.6,5,7
268,"2/26/1996",3,8.7,7.1,0.75,10.5,16
269,"3/4/1996",3,11.5,7.4,0.45,3.5,3.5
271,"3/18/1996",3,10.1,7,0.45,7.5,7
272,"3/25/1996",3,10,7.2,0.7,10,16.5
273,"4/8/1996",3,10.7,7.3,0.55,8,6
274,"4/22/1996",3,9.2,8.2,0.95,21,22
275,"4/29/1996",3,8.9,8,0.85,18,21
276,"5/13/1996",3,9.2,8.1,0.7,17,14
277,"5/20/1996",3,9,8.8,0.75,28,30
278,"5/27/1996",3,9.6,8.6,0.6,19,17.5
279,"6/3/1996",3,8.7,8.5,0.5,17,15.5
280,"6/10/1996",3,8,8.1,1.02,24,19.5
281,"6/17/1996",3,8.8,8.4,0.75,27,25
282,"6/24/1996",3,8,8.6,0.8,26.5,25
283,"8/2/1996",2.5,6.4,7.3,0.8,26,-17.77777778
285,"8/18/1996",3,4.65,7.3,0.68,27.5,-17.77777778
286,"9/1/1996",2.8,2,7.4,0.4,25,-17.77777778
288,"9/22/1996",3.1,2,7.4,0.9,22,-17.77777778
289,"9/28/1996",3.2,1.7,7.5,0.88,23,-17.77777778
290,"10/5/1996",4.4,9.9,7.2,0.45,15.5,17.2
291,"10/11/1996",2.4,8.69,7.2,0.75,17.5,14.8
292,"10/20/1996",2.2,9.71,7.6,0.73,15,13.6
293,"10/26/1996",2.8,8.15,6.7,0.75,19,19.6
294,"11/3/1996",2,6.5,6.8,0.58,10.1,9.3
295,"11/12/1996",1.9,11.43,7.1,0.55,6.2,5.23
296,"11/17/1996",1.8,11.8,6.8,0.3,9.1,10.8
297,"12/1/1996",1.9,10.9,6.9,0.6,11,17.5
298,"12/8/1996",1.6,11.2,6.9,0.65,9.1,10.6
299,"12/21/1996",1.8,12.25,6.9,0.61,5.21,3.5
300,"1/5/1997",2,9.2,6.7,0.7,13.5,17.4
301,"1/19/1997",1.3,13.3,7,0.3,0,-17.77777778
302,"2/1/1997",1.5,10.9,6.6,3.5,10.1,16.7
303,"2/15/1997",1.3,10.55,6.6,0.6,8.2,5
304,"3/3/1997",1.8,9.45,6.9,0.54,14.1,8.9
305,"3/15/1997",1.2,10.2,6.5,0.52,13.2,8.7
306,"4/13/1997",1.2,9.8,6.9,0.74,17.1,20.1
307,"4/19/1997",1.3,10.8,6.7,0.49,11,15.3
308,"4/26/1997",1.1,10.1,6.8,0.55,15.5,15.2
309,"5/4/1997",1.1,9.73,6.5,0.88,18,16.4
310,"5/12/1997",1.5,9.5,7.3,0.67,21,-17.77777778
311,"5/16/1997",1.3,10.2,6.6,0.7,20.5,20.2
312,"5/24/1997",1.6,9.9,7.5,0.5,23,22.3
313,"5/30/1997",1.6,9.5,8,0.2,23,-17.77777778
314,"6/8/1997",1,10.5,6.3,0.15,18,16.5
315,"6/21/1997",1.5,7.5,6.5,0.7,26.5,28.9
316,"6/27/1997",1.5,8.5,8,0.62,29,25.77777778
317,"7/6/1997",1.5,7.6,6.8,0.68,27,24.7
318,"7/12/1997",1.5,8.55,6.4,0.4,27,26.7
319,"7/20/1997",1.6,8.7,7.4,0.58,27.5,28.6
320,"7/27/1997",1.5,9.7,7.8,0.69,27,30.4
321,"7/29/1997",1.5,8.1,8,0.65,28,27.77777778
322,"8/9/1997",1.7,9.8,8.6,0.5,27.5,25.9
323,"8/15/1997",1.7,7.7,8.2,0.63,8.4,28.11111111
324,"8/22/1997",1.7,9,8.2,0.67,25.5,25.38888889
325,"8/30/1997",1.8,9.6,8.1,0.45,26,26.1
326,"9/14/1997",1.9,9.6,7.9,0.61,24,25.9
327,"10/5/1997",1.9,10.25,8.2,0.65,21.6,23.4
329,"11/9/1997",1.8,10.6,6.5,0.65,12,10.9
330,"12/6/1997",1.5,14.3,6.9,0.45,6,4.5
331,"1/4/1998",1.5,12.3,6.4,0.5,8.9,14
332,"1/25/1998",1.2,12.5,6.5,0.6,8.1,7.7
333,"2/22/1998",1.1,10.7,6.3,0.75,10.5,-17.77777778
334,"3/22/1998",1,11.1,6.4,0.71,11,9.3
335,"4/19/1998",1,10.8,6.9,0.78,17,-17.77777778
336,"5/2/1998",1,10.9,8.2,0.78,21.5,22.5
337,"5/17/1998",1.1,9.3,6.8,0.48,23.5,27.1
338,"6/7/1998",1.1,10,7.2,0.5,22.9,-17.77777778
339,"6/14/1998",0.9,9.7,6.8,0.65,26,26.6
340,"7/5/1998",1,8.4,6.9,0.65,26,27.8
341,"7/25/1998",0.9,8.6,7.3,0.65,29,27.4
342,"8/23/1998",1,11,8.8,0.62,28,29.5
343,"9/12/1998",0.9,10.8,8.5,0.66,25,30.61111111
344,"11/2/1998",1.1,10,6.9,0.35,14,14.6
345,"11/21/1998",1,10.9,7.3,0.48,15,14.2
346,"8/11/1999",3,2.6,7.7,0.6,26,27.2
348,"9/8/1999",1.8,1.35,8.2,1,28,24.77777778
349,"10/15/1999",0.1,5.65,7.3,0.8,20,-17.77777778
350,"11/10/1999",0,6.7,7.6,0.95,18,-17.77777778
352,"12/30/1999",1,7.8,6.9,0.85,8,6
353,"8/11/1999",2.5,3.1,8.1,0.25,27,27.2
355,"9/8/1999",0.9,3.6,8.2,0.3,32,-17.77777778
356,"10/15/1999",1,4.7,7,0.3,17,-17.77777778
358,"11/10/1999",1,6.3,7.4,0.4,16,-17.77777778
360,"12/30/1999",0.2,6.1,6.9,0.25,7,5
361,"8/11/1999",3,1.9,8.5,0.5,27,29
363,"9/8/1999",1,2.4,8,5.8,34,-17.77777778
364,"9/22/1999",1,3.7,7.8,0.8,18,15.55555556
365,"10/15/1999",0.1,5.5,6.6,0.55,19,-17.77777778
366,"10/27/1999",0,3.7,7.7,0.55,43,22.22222222
367,"11/10/1999",0.2,10,7.8,0.6,17,-17.77777778
369,"12/30/1999",0.1,7.3,6.9,0.7,5,5
370,"8/11/1999",0.2,2.5,8.6,1.25,27,29.7
372,"9/8/1999",0,1.5,7.4,1.85,34.5,-17.77777778
373,"9/22/1999",0,1.9,7.6,1.65,18,-17.77777778
374,"10/15/1999",0,3.25,7.3,1.55,17,-17.77777778
375,"10/27/1999",0.4,3.4,7.4,1.35,42.5,22.22222222
376,"11/10/1999",0,6.5,8,1.5,15,15.55555556
378,"12/16/1999",0,7.8,8.9,1.4,11,9.444444444
379,"12/30/1999",0,8.25,8,1.4,5,5
380,"1/9/1999",1.2,11.2,7.2,0.5,9,14.9
381,"1/23/1999",1.1,11.2,6.7,0.6,15,-17.77777778
382,"8/5/1999",1.8,1.8,9.5,0.35,27,-17.77777778
383,"8/11/1999",3,7,9.2,0.65,28,30.3
385,"9/8/1999",2.2,1.9,8.5,0.95,28,24.77777778
386,"10/15/1999",2,4.8,5.7,0.5,16,18.33333333
387,"10/27/1999",0.3,4.3,8.6,0.5,24.5,-17.77777778
388,"11/10/1999",1,7.5,8.1,5.5,14,15.55555556
389,"12/16/1999",1,8.7,9.1,0.85,11,8.888888889
390,"12/30/1999",0.1,6.1,7,0.45,5,5
392,"2/29/2000",1.5,5,8.1,1.1,15,14.44444444
395,"5/1/2000",0.5,3.6,7.1,1,23,23.88888889
396,"5/15/2000",1,6.4,8.2,0.9,27,21.66666667
399,"6/26/2000",1,5.5,8,0.55,30.5,29
401,"7/24/2000",0.05,6.1,8,0.55,25,25.55555556
403,"8/22/2000",0,5.2,7.5,0.65,25,22.22222222
406,"10/4/2000",1.1,8.7,8.3,0.7,35,28.88888889
408,"11/1/2000",0,9.75,8.2,0.65,16,14.44444444
411,"12/18/2000",1,9.9,8.2,0.7,9,6.666666667
412,"2/2/2000",1,6.4,7.1,0.35,5,7.777777778
415,"3/13/2000",1.5,10,7.8,0.3,12.5,8.888888889
417,"5/1/2000",1,3.5,7.5,0.15,25.5,23.88888889
418,"5/15/2000",1.5,7.6,9.7,4.5,30,21.66666667
421,"6/26/2000",1,8.3,8.8,0.1,30,28
423,"7/24/2000",1,1.8,7.5,0.15,24,25.55555556
425,"8/22/2000",0,2.4,7.8,0.35,22,21.66666667
427,"9/18/2000",0.8,7.6,7.9,0.1,20,21.11111111
428,"10/4/2000",1,8.5,8.5,0.1,30,28.88888889
430,"11/1/2000",1,5.5,8.1,0.11,14,14.44444444
433,"12/18/2000",1.5,7.2,7.9,0.4,7.5,6.333333333
434,"2/2/2000",1,5.9,6.9,0.81,4,7.222222222
441,"5/30/2000",0.5,7.9,8,0.5,15,14.44444444
442,"6/13/2000",1,8.2,9.5,0.4,28,22.77777778
444,"7/11/2000",0.01,5.7,8.2,0.5,32,27
446,"8/10/2000",0,6.3,6.7,0.6,29,28.33333333
448,"9/6/2000",0,6.3,8.1,0.55,21,22.22222222
451,"10/26/2000",0.5,6.2,8.4,0.25,21.5,19.44444444
453,"11/14/2000",1,6,7.4,0.3,13,12.77777778
454,"12/11/2000",1,6.5,8.1,0.1,7.5,7.222222222
456,"2/2/2000",0,7.1,7.2,1.4,4,7.222222222
458,"2/29/2000",0,6.9,7,0.95,14,16.66666667
460,"4/3/2000",0,7.4,8.6,1.35,20,-17.77777778
463,"5/30/2000",0,6.3,8.2,1.6,15,10
466,"7/11/2000",0,4.4,8.6,1.6,27,26
468,"8/10/2000",0,4.1,5.6,1.6,28,28.33333333
470,"9/6/2000",0,5,8.5,1.65,21,22
473,"10/26/2000",0,8.5,8.8,1.05,19.5,18.88888889
475,"11/14/2000",0,6.2,9,1.4,13,12.77777778
476,"12/11/2000",0,10,9.3,1.3,7,7.222222222
478,"2/2/2000",1.5,6.1,7.2,0.4,3,6.111111111
481,"3/13/2000",1.5,9.75,8.6,0.5,12,7.222222222
482,"4/3/2000",1.5,7.6,9.1,0.7,18,-17.77777778
483,"5/1/2000",1,4.1,7.9,0.65,19.5,23.88888889
484,"5/15/2000",1.2,8,8.7,0.45,23,21.66666667
486,"6/13/2000",1.5,7.3,8.4,0.64,26,23.16666667
487,"6/26/2000",1.5,7,8.5,0.85,26,28.33333333
488,"7/11/2000",1,5,8.6,0.8,27,25
489,"7/24/2000",1,6.4,8.2,0.55,25,25.55555556
490,"8/10/2000",1.5,6,8.1,0.68,28,28.33333333
491,"8/22/2000",1,7.1,8.7,0.45,22,21.66666667
492,"9/6/2000",1,5.2,8.6,0.45,20,22.22222222
494,"10/4/2000",0.8,7.3,8.6,0.7,27,28.33333333
495,"10/26/2000",1,5.3,8.8,0.35,19.5,18.88888889
496,"11/1/2000",1,4.8,9.2,0.3,16,14.27777778
497,"11/14/2000",1,7.8,9.9,0.6,13,12.77777778
501,"1/23/2001",1,5.7,8.4,0.7,5,3.777777778
503,"2/20/2001",1,8.1,7.8,0.75,10,16.66666667
504,"3/15/2001",0.5,7.7,8,0.85,13.5,11.11111111
508,"5/8/2001",1,2.5,9.1,0.65,22,18.33333333
510,"6/5/2001",1,5.5,8.7,0.8,24,21.66666667
512,"7/5/2001",3,4.2,8.3,0.65,27,24.44444444
513,"7/20/2001",1.5,4.9,9.2,0.5,26,22.22222222
514,"8/8/2001",3,4.5,8.5,1.1,30,31.11111111
516,"9/5/2001",3,3,0.3,1.1,26,24.44444444
517,"9/18/2001",2,3.6,8.9,0.9,24,25
519,"10/22/2001",3,3.8,8.4,0.85,19,21.11111111
520,"11/6/2001",3,4.9,8.2,0.8,14,11.61111111
524,"1/23/2001",1,7.8,8,0.3,6,3.777777778
526,"2/20/2001",1.5,9.3,7.7,0.4,12,16.66666667
531,"5/8/2001",2,3,8.7,0.01,25,18.33333333
533,"6/5/2001",2,4.1,8.5,0.1,24,21.66666667
537,"8/8/2001",3,2.3,8.3,0.2,30,28.88888889
539,"9/5/2001",2.5,0,7.8,0.25,25,24.44444444
540,"9/18/2001",3,1.5,8.5,0.35,23,25.55555556
542,"10/22/2001",3,2.6,8.2,0.2,20,20.55555556
543,"11/6/2001",3.5,4.2,8.3,0.2,13,11.61111111
546,"1/8/2001",1,5.9,8.3,0.55,5,6.111111111
548,"2/6/2001",1,6,7.9,0.6,10,11.11111111
551,"3/26/2001",1,9.9,8.3,0.6,9,5
553,"4/24/2001",1,4.8,8.1,0.4,23,22.77777778
555,"5/22/2001",3,2.5,7.6,0.32,24,22.22222222
557,"6/18/2001",2,4,8.4,0.3,27,25
561,"8/20/2001",2.5,5.5,7.9,0.3,28,26.66666667
564,"10/2/2001",3,6.1,8.3,0.25,23,22.77777778
569,"1/8/2001",0,9.7,8.8,1.25,6,6.111111111
571,"2/6/2001",0,8.4,8.7,1.4,10,11.11111111
574,"3/26/2001",0,9.6,9,1.5,10,5
576,"4/24/2001",0,4.1,9.3,1.4,19.5,22.22222222
578,"5/22/2001",0,4.9,8.1,1.2,23,21.66666667
580,"6/18/2001",0,5.5,8.7,0.9,26,25
584,"8/20/2001",0,4.3,8.9,1.4,27,26.66666667
587,"10/2/2001",0,3.9,8.7,1.1,19,22.77777778
592,"1/8/2001",1,8.1,9.2,0.36,7,6.111111111
593,"1/23/2001",1,9,9.3,0.1,8,3.5
594,"2/6/2001",1,8.5,8.8,0.33,11,10.55555556
595,"2/20/2001",1,9.2,9.1,0.35,11,16.38888889
596,"3/15/2001",1.2,9.25,9.2,0.6,14,11
597,"3/26/2001",1,9.9,9.4,0.45,10,5.388888889
599,"4/24/2001",2,6.4,9.3,0.8,20,21.66666667
600,"5/8/2001",2,5,8.6,0.15,21,17.77777778
601,"5/22/2001",1,7.8,8.8,0.8,20,21.11111111
602,"6/5/2001",2,4.35,9.2,0.4,23,21.61111111
603,"6/18/2001",2,5.1,8.6,0.4,25,25
604,"7/5/2001",3.5,5.4,8.7,0.75,26,23.88888889
605,"7/20/2001",3,7.2,9.8,0.3,23,22.22222222
606,"8/8/2001",3,4.1,9.1,0.7,30,26.66666667
607,"8/20/2001",3,4.9,8.7,0.85,26,26.27777778
608,"9/5/2001",3,4,8.5,0.55,25,24.44444444
609,"9/18/2001",3.5,4.6,7.7,0.15,23,25.55555556
611,"10/22/2001",3,4.6,8.6,0.6,19,19.61111111
612,"11/6/2001",3,5.5,9.5,0.25,13,11.61111111
616,"1/22/2002",3,2.7,7.8,1.3,9,10.55555556
618,"2/26/2002",2,7.6,8.2,1.15,12,15
621,"4/30/2002",1,2.3,7.5,1.1,22,15.55555556
624,"6/11/2002",2,4.2,7,0.7,26,22.22222222
630,"9/5/2002",0,4.5,7,0.8,26,27.22222222
635,"12/6/2002",2,7.7,7,1,5,3.333333333
638,"1/22/2002",2.5,7.2,7.9,0.45,8,10
640,"2/26/2002",3,7.8,8.2,0.45,12,14.44444444
642,"4/17/2002",2,4.2,8,0.2,27,28.33333333
643,"4/30/2002",2,3.4,8.5,0.5,18,15.55555556
646,"6/11/2002",3,3.3,7,0.1,25,21.66666667
652,"9/5/2002",0,3.5,7.5,0.3,27,27.22222222
657,"1/10/2002",3,6.8,7,0.4,9.5,12.22222222
659,"2/11/2002",2,8.4,8.2,0.6,12,-17.77777778
665,"5/28/2002",3.5,4.6,8,0.2,25,21.11111111
667,"6/24/2002",3,3.8,8.5,0.2,28,28.33333333
678,"12/16/2002",0,5.6,7,0.7,7.5,-17.77777778
679,"1/10/2002",0,10,6.8,1.4,9,11.11111111
681,"2/11/2002",0,8.3,9.6,1.45,11,-17.77777778
687,"5/28/2002",0,6.1,6.5,1.3,24,21.11111111
695,"9/20/2002",0,4.2,7,1.2,26,27.22222222
700,"12/16/2002",0,5.2,6,1.35,6.5,-17.77777778
702,"1/22/2002",3,9,9,0.35,59,9.944444444
703,"2/11/2002",3,5.7,9.9,0.3,12,-17.77777778
704,"2/26/2002",3,7.6,9.2,0.35,11,13.88888889
706,"4/17/2002",3,4.4,7.5,0.7,25,26.66666667
707,"4/30/2002",3,7.3,7.5,0.65,18.5,14.44444444
708,"5/16/2002",2.5,8.3,7.5,0.7,20,16.66666667
709,"5/28/2002",3,4.5,7.5,0.55,24,21.11111111
710,"6/11/2002",3,5.9,8.5,0.65,23.5,21.11111111
711,"6/24/2002",4,5.1,7.5,0.75,27,27.77777778
716,"9/5/2002",3,6.5,7.5,0.7,27,26.66666667
719,"10/31/2002",4,6.3,7.5,0.5,10,8.777777778
721,"12/6/2002",2,9.6,7,0.1,5,2.777777778
722,"12/16/2002",2,6.8,7,0.6,7.5,9.444444444
723,"1/3/2003",0,8.1,6.5,1.1,15,11.66666667
727,"3/20/2003",1,6.4,6.5,1,12,11.66666667
729,"5/1/2003",0,3.9,6.5,1.15,23,23.88888889
731,"6/5/2003",0,4.7,6.5,0.85,24,21.11111111
733,"7/1/2003",0,2.7,6.5,1,28,24.72222222
735,"8/7/2003",0,3,6.5,1,25,27
737,"10/2/2003",0,5.6,6.5,0.9,20,17.77777778
739,"11/6/2003",0,2.9,6.5,0.8,24,24.44444444
743,"1/3/2003",0,6.6,7,0.2,13,11.66666667
745,"2/20/2003",0,6.4,7.5,0.5,7,6.666666667
749,"5/1/2003",0,7.3,7.5,0.6,25,24.44444444
750,"6/5/2003",0,8.5,9.5,0.1,25.1,22.22222222
754,"8/7/2003",0,3.2,7,0.2,25,25
756,"10/2/2003",0.5,5.5,7,0.15,18,17.77777778
758,"11/6/2003",1,4.7,7,0.15,25,24.44444444
760,"12/1/2003",1,8.8,7.5,0.2,12,14.44444444
765,"3/6/2003",1,3.2,7,0.7,14,14.44444444
767,"4/21/2003",0,5.6,7,0.4,18,18.33333333
771,"6/20/2003",0,4.5,7,0.5,24,22.77777778
773,"7/17/2003",0,4.7,7,0.35,28,23.88888889
775,"9/4/2003",0,4.7,7,0.15,27,28.33333333
777,"10/23/2003",1,5.6,7.5,0.15,14,14.44444444
783,"2/3/2003",0,7.4,6,1.5,6,7.777777778
791,"6/20/2003",0,4.3,6,1.5,25,22.61111111
793,"7/17/2003",0,2.9,6.5,1.4,28,23.88888889
795,"9/4/2003",0,4.7,6.5,1.5,28,27.77777778
797,"10/23/2003",1,4.4,6.5,1.5,14,13.88888889
798,"11/20/2003",1,6.5,6.5,1.4,14.5,13.33333333
800,"12/15/2003",2,7.1,6,1.7,12,8.888888889
801,"1/3/2003",0,5.1,7,0.6,14,11.11111111
802,"2/3/2003",0,6.6,7,0.4,7,7.722222222
804,"3/6/2003",1,4.1,6.5,0.9,14,15.5
805,"3/20/2003",2,3.8,7,0.3,11,11.61111111
806,"4/21/2003",1,5.8,7,0.6,16,18.27777778
808,"5/22/2003",2,6.3,6.5,0.5,20,15.77777778
810,"6/20/2003",0,4.1,7,0.8,24,22.27777778
811,"7/1/2003",0,5.2,6.5,0.7,27,-3.055555556
812,"7/17/2003",0,3.8,6.5,0.8,26,23.33333333
813,"8/7/2003",0,7,7.2,0.9,25,25
814,"9/4/2003",4,3.7,7,0.75,27,27.72222222
816,"10/23/2003",1,5.8,6.5,0.55,14,13.88888889
817,"11/6/2003",1,6.5,6.5,0.75,23,24.61111111
818,"11/20/2003",3,8.8,6.5,0.6,14,13.33333333
819,"12/1/2003",3,8.7,6.5,0.75,11,14.44444444
820,"12/15/2003",2,6.9,6,0.7,8,8.333333333
821,"1/4/2004",1,8.5,7,1.05,5,0.555555556
823,"2/5/2004",1,7,7,1.1,60,6.111111111
825,"3/4/2004",0,7.5,7,1.2,16,17.77777778
827,"4/1/2004",0,6.7,7,1,13,12.22222222
830,"5/13/2004",0,3.9,6,0.8,26,25
832,"6/17/2004",0,2.9,6.5,0.5,26,25
836,"8/19/2004",0,3,6.5,0.95,27,26.66666667
838,"9/16/2004",0,3.6,6.5,0.8,26,-1.666666667
842,"11/18/2004",0,8,7,0.6,10,10.55555556
844,"12/16/2004",2,6.3,7,1,5,1.111111111
845,"1/4/2004",1,8.5,7,0.2,4,0.555555556
847,"2/5/2004",1,6.6,7,0.25,5,6.111111111
849,"3/4/2004",0,5.4,7,0.2,16,18.33333333
851,"4/1/2004",1,7.2,8,0.3,13,12.22222222
854,"5/13/2004",0,3.1,9,0.2,28,-3.333333333
858,"7/22/2004",0,3.1,8,0.1,28.5,27.22222222
860,"8/19/2004",0,2.8,6.5,0.2,28,27.77777778
862,"9/16/2004",0,3.7,7,0.2,26,-1.666666667
864,"10/21/2004",2,4.5,7,0.3,17,17.22222222
866,"11/18/2004",0,5.3,7,0.2,11,-17.77777778
868,"12/16/2004",4,5.7,7.5,0.2,4,1.666666667
872,"2/19/2004",1,9.1,7,0.6,6,-11.38888889
874,"3/18/2004",1,6.7,7,0.6,10,7.222222222
876,"4/16/2004",1,7.4,7.5,0.4,14,11.11111111
879,"6/3/2004",0,4.2,7.5,0.3,26,26.66666667
881,"7/8/2004",0,3,7.5,0.5,29,26.66666667
883,"8/5/2004",0,2.9,6.5,0.6,29,28.33333333
887,"10/1/2004",0,5.3,7.5,0.3,23,22.22222222
889,"11/5/2004",0,6.2,7,0.5,15,13.88888889
891,"12/2/2004",1,4.2,7,0.5,12,12.77777778
894,"1/20/2004",0,10,6.5,1.4,4,4.444444444
896,"2/19/2004",1,10.1,6.5,1.5,6,2.777777778
900,"4/16/2004",1,5.8,6.5,1.5,14,11.11111111
901,"4/29/2004",0,4.9,6.5,1.35,19,16.66666667
903,"6/3/2004",0,4.5,6.5,1.3,26,25.55555556
905,"7/8/2004",0,2.6,6.5,1.65,29,25.55555556
906,"8/5/2004",0,3.1,6.5,1.6,28,27.77777778
908,"9/2/2004",0,3,6.5,1.4,25.2,25.55555556
910,"10/1/2004",0,6.4,6.5,1.5,24,22.22222222
911,"10/21/2004",1,3.3,6.5,0.8,17,17.22222222
914,"12/2/2004",0,7.25,6.5,1.5,12,12.22222222
916,"1/9/2004",1,8.2,6.5,0.4,6,0.555555556
917,"1/20/2004",1,9.5,6.5,0.3,7,4.444444444
918,"2/5/2004",0,5.9,6.5,0.25,15.5,6.111111111
919,"2/19/2004",1,7.5,7,0.1,6,2.777777778
920,"3/4/2004",1,3.7,6.5,0.5,15,17.77777778
921,"3/18/2004",0,7.7,6.5,0.45,9,6.277777778
922,"4/1/2004",0,7.6,7,0.1,14,11.38888889
923,"4/16/2004",1,5.7,6.5,0.5,13,11.11111111
924,"4/29/2004",0,7.1,6.5,0.45,16,16.66666667
926,"6/3/2004",0,4.8,6.5,0.7,26,25
927,"6/17/2004",0,3.3,6.5,0.8,25,25
928,"7/8/2004",1,4.7,6.5,0.6,27,25
929,"7/22/2004",2,3.1,6.5,0.55,27,26.11111111
930,"8/5/2004",0,3.15,6.5,0.6,27,27.5
931,"8/19/2004",0,4.75,6.5,0.8,26,26.61111111
932,"9/2/2004",0,5.2,6.5,0.6,24,25.55555556
933,"9/16/2004",0,4,6.5,0.65,24,-1.666666667
934,"10/1/2004",1,4.3,7,0.7,23,22.11111111
935,"10/21/2004",1,5.8,6.5,0.7,18,17.22222222
936,"11/5/2004",1,5.9,6.5,0.6,14,13.88888889
937,"11/18/2004",0,5.9,6.5,0.5,11,10.55555556
938,"12/2/2004",0,6.3,6.5,0.65,11,12
939,"12/16/2004",2,5.2,6.5,0.3,4,0.555555556
941,"2/3/2005",0,5.5,7,0.8,5,3.333333333
943,"3/3/2005",1,6.2,7,1.1,5,1.111111111
945,"4/21/2005",0,3.3,7,0.9,19,21.11111111
947,"5/24/2005",0,4.7,7,0.75,20,16.66666667
950,"7/14/2005",0,2.2,6,0.8,28,-17.77777778
955,"10/7/2005",0,3.4,6.5,0.8,24,25
959,"12/1/2005",0,7,6.5,0.9,10,7.222222222
961,"2/3/2005",0,6.7,7,0.3,34.5,3.333333333
963,"3/3/2005",2,5.3,7,0.3,5,1.111111111
965,"4/21/2005",0,5.4,8.5,0.2,20,21.66666667
967,"5/24/2005",0,6,9,0.1,20,16.66666667
970,"7/14/2005",0,3.5,6,0.1,28,-17.77777778
973,"9/8/2005",0,2.4,7,0.1,26,23.33333333
975,"10/7/2005",0,4.5,7,0.1,25,25
977,"11/3/2005",0,5.7,6.5,0.15,13,15
979,"12/1/2005",0,6.1,7,0.5,13,7.222222222
980,"1/6/2005",1,4.3,7,0.4,13,14.44444444
982,"2/17/2005",1,5.3,7,0.6,12,7.222222222
984,"3/10/2005",1,6.9,7,0.7,6,7.222222222
988,"6/3/2005",0,4.4,8,0.7,18,17.77777778
989,"6/16/2005",0,4.8,8.5,0.6,34,31.11111111
990,"7/1/2005",0,5.1,8.5,0.6,31,-17.77777778
992,"8/11/2005",0,5.2,7.5,0.1,32,30
993,"8/24/2005",0,3.6,7,0.3,25,22.77777778
995,"9/22/2005",0,2.6,6.5,0.2,25,25.55555556
997,"10/27/2005",0,5,7,0.35,14,-17.77777778
999,"11/10/2005",0,5,7,0.3,17,15
1001,"1/6/2005",0,7.6,6.5,1.4,13,14.44444444
1003,"2/17/2005",0,6.6,6.5,1.5,10,6.666666667
1005,"3/10/2005",1,7.7,6.5,1.4,6,6.666666667
1007,"5/5/2005",0,5.2,6.5,1.4,17,14.44444444
1009,"6/3/2005",0,5,6.5,1.5,18,17.22222222
1010,"6/16/2005",0,4.3,6.5,1.4,34,31.11111111
1011,"7/1/2005",0,2.7,6.5,1.3,30,-17.77777778
1013,"7/21/2005",0,4.3,6.5,1.5,32,28.33333333
1014,"8/11/2005",0,2.9,6.5,0.8,31,29.44444444
1017,"9/22/2005",0,3.9,6.5,1,26,25.55555556
1019,"10/27/2005",0,5.9,6.5,1.4,14,10.55555556
1021,"11/10/2005",0,5.9,6.5,1.3,17,15
1023,"12/15/2005",0,10,6.5,0.9,5,7.777777778
1024,"1/6/2005",1,5.9,6,0.5,12,14.27777778
1025,"2/3/2005",0,7.3,6.5,0.15,6,3
1026,"2/17/2005",0,6.3,6.5,0.5,9,6.666666667
1028,"3/10/2005",1,7.4,6,0.4,6,6.666666667
1029,"4/21/2005",0,5.2,6,0.5,19,21.11111111
1030,"5/5/2005",0,6.9,6.5,0.4,15,14.44444444
1031,"5/24/2005",0,6.3,6.5,0.6,20,16.11111111
1032,"6/3/2005",0,6.6,6.5,0.7,18,17.22222222
1034,"7/1/2005",0,4.3,6.5,0.07,27,-17.77777778
1035,"7/14/2005",0,3.6,6,0.7,25,-2.777777778
1036,"7/21/2005",0,5.7,6,0.6,28,28.33333333
1037,"8/11/2005",0,3.7,6.5,0.6,27,29.44444444
1038,"8/24/2005",0,4.9,6,0.45,25,22.77777778
1039,"9/8/2005",0,5,6.5,0.1,74,24.44444444
1040,"9/22/2005",0,4.3,6,0.7,25,25.55555556
1041,"10/7/2005",0,5.3,6.5,0.7,24,22.22222222
1042,"10/27/2005",0,6.2,6.5,0.5,16,10.55555556
1043,"11/3/2005",0,5.7,6.5,0.5,14,13.88888889
1044,"11/10/2005",0,6.6,6.5,0.7,18,15
1045,"12/1/2005",0,7.2,6.5,0.45,11,6.111111111
1046,"12/15/2005",0,7.6,6.5,0.2,6,7.777777778
1048,"1/19/2006",0,7.7,6.5,1.1,9,7.777777778
1050,"2/9/2006",0,8.6,7,1.1,7,4
1052,"3/15/2006",0,7.8,7,1,14,7
1057,"6/1/2006",0,5,7,0.7,20,25
1058,"7/6/2006",0,3.6,6.5,1,28,23
1067,"11/16/2006",0,6,6.5,0.95,17,18.33333333
1071,"1/19/2006",0,5.7,7,0.2,8,7.777777778
1075,"3/15/2006",0,7.7,7,0.2,12,9
1077,"4/21/2006",0,8,7,0.2,18,17
1080,"6/1/2006",0,4.4,7,0.1,26,25
1081,"6/16/2006",0,3.8,6,0.4,23,20
1082,"7/6/2006",0,4.7,6.5,0.2,27,23
1084,"7/27/2006",0,2.9,6.5,0.2,29,26.11111111
1086,"9/7/2006",0,3.5,6.5,0.2,25,21.11111111
1088,"10/5/2006",0,8.2,7,0.4,23,22.77777778
1091,"11/16/2006",0,6.8,6.5,0.3,18,18.33333333
1093,"12/14/2006",0,7.7,6,0.2,15,14.44444444
1094,"1/3/2006",0,5.9,7,0.5,10,8.888888889
1096,"2/2/2006",0,8.8,7,0.5,9,12.22222222
1098,"3/9/2006",0,9.9,7.5,0.5,10,14
1100,"4/6/2006",0,8.2,8,0.4,14,15
1102,"5/5/2006",0,9,8.5,0.3,19,16
1107,"7/18/2006",0,2.7,6.5,0.2,26,22.77777778
1109,"8/17/2006",0,6.8,6.5,0.2,28,26.66666667
1111,"9/21/2006",0,5.2,6.5,0.4,20,18.88888889
1114,"11/6/2006",0,4.9,6.5,0.1,17,16.11111111
1116,"11/30/2006",0,6.9,6.5,0.1,14,18.33333333
1118,"1/3/2006",0,8.1,6.5,1.6,9,8.888888889
1122,"3/9/2006",0,8.7,6.5,1.4,10,13.33333333
1124,"4/6/2006",0,6.2,6.5,1.4,15,15
1126,"5/5/2006",0,6.6,6.5,1.4,19,16
1130,"7/18/2006",0,2.7,6.5,0.2,29,-17.77777778
1132,"8/17/2006",0,3.9,5,1.3,25,26.11111111
1134,"9/21/2006",0,5.8,6.5,1.5,20,18.88888889
1136,"10/19/2006",0,5.3,6.5,0.6,20,19.44444444
1137,"11/6/2006",0,5.9,6.5,1.3,13,15.55555556
1139,"11/30/2006",0,6.7,6.5,1.5,14.5,18.33333333
1141,"1/3/2006",0,0.8,6,0.6,9,-17.77777778
1142,"1/19/2006",0,7.5,6.5,0.7,9,7.222222222
1143,"2/2/2006",0,7.8,6.5,0.5,7,11
1144,"2/9/2006",0,8.7,6.5,0.4,7,-1.111111111
1145,"3/9/2006",1,9.7,6.5,0.4,10,15
1146,"3/15/2006",0,7.5,7,0.6,11,8.888888889
1147,"4/6/2006",0,7.7,6.5,0.5,13,11.66666667
1148,"4/21/2006",1,6.9,6.5,0.5,17,17
1149,"5/5/2006",0,7.4,6.5,0.1,19,16
1150,"5/17/2006",0,7.3,6.5,0.8,20,22
1151,"6/1/2006",0,6.1,6.5,0.65,25,25
1152,"6/16/2006",0,6.8,6.5,0.7,22,20
1153,"7/6/2006",0,6,6.5,0.8,27,23
1154,"7/18/2006",0,5.3,6,5,27,22.77777778
1155,"7/27/2006",0,6.9,6,0.6,28,26
1156,"8/17/2006",0,7.2,7,0.55,25,26.11111111
1157,"9/7/2006",0,6.3,7,0.9,23,21.11111111
1158,"9/21/2006",0,6.3,7,0.7,19,18.33333333
1159,"10/5/2006",0,7,7,0.7,22,22.77777778
1160,"10/19/2006",8,0.1,7,0.7,18,18.33333333
1161,"11/6/2006",0,7.6,6.5,0.3,11,15.55555556
1162,"11/16/2006",0,7.7,6.5,0.9,18,18.33333333
1163,"11/30/2006",0,6.3,6.5,0.7,14,18.33333333
1164,"12/14/2006",0,8,6.5,0.4,13,10
1166,"1/18/2007",0,9.8,7,0.7,7,8.333333333
1168,"2/15/2007",0,8.8,7,1,5,-3.333333333
1177,"8/2/2007",0,3.7,7,0.75,30,26.11111111
1179,"9/6/2007",0,2.3,7,0.8,26,27.22222222
1184,"11/12/2007",0,3.9,7,1,13,15
1188,"1/18/2007",0,6.8,7,0.3,6,8.333333333
1190,"2/15/2007",0,10,6.5,0.2,2,-3.333333333
1192,"3/21/2007",0,9.4,6.5,0.15,14,10.55555556
1194,"4/19/2007",0,8.1,6.5,0.2,13,0
1196,"5/24/2007",0,5.9,8.5,0.3,23,18.88888889
1199,"7/5/2007",0,3.1,7.5,0.3,25,22.77777778
1201,"8/2/2007",0,2.6,6.5,0.25,29,26.66666667
1208,"11/12/2007",0,6.2,7,0.4,12,13.88888889
1211,"2/2/2007",0,9.3,8,0.2,5,6.111111111
1215,"4/6/2007",0,8.4,7,0.4,15,8.333333333
1217,"5/3/2007",0,5.8,7.5,0.4,19,15
1220,"6/14/2007",1,5.1,8,0.3,21,19.44444444
1224,"8/21/2007",0,4.5,7,0.3,28,27.22222222
1227,"10/11/2007",0,4.3,7,0.3,21,18.88888889
1229,"11/1/2007",0,5.3,7,0.35,28,20
1231,"12/6/2007",0,6.2,7,0.75,5,2.777777778
1232,"12/20/2007",0,5.2,6.5,0.65,7,4.444444444
1233,"1/4/2007",0,7.6,5,1.6,54,-11.11111111
1235,"2/2/2007",0,10,6.5,2,5,6.111111111
1238,"4/6/2007",0,7.1,6,1.3,14,7.777777778
1240,"5/3/2007",0,5.9,6.5,2,20,15
1242,"6/14/2007",0,5.9,6.5,1.1,21,19.44444444
1243,"7/5/2007",0,3.9,6.5,0.9,24,27.77777778
1246,"8/21/2007",0,5.7,7,0.9,28,26.66666667
1248,"9/27/2007",0,4.1,8.5,0.8,26,22.77777778
1249,"10/11/2007",0,3.3,7,0.9,22,18.88888889
1251,"11/1/2007",0,5.9,7,1,28,20
1253,"12/6/2007",0,8.7,7,1,5,2.777777778
1254,"12/20/2007",0,6.3,6,1.1,7,4.444444444
1255,"1/4/2007",0,9,6.5,0.6,12,12.22222222
1256,"1/18/2007",0,10.1,6.5,0.2,6,8.333333333
1257,"2/2/2007",0,8.1,6.5,0.45,5,5.555555556
1258,"2/15/2007",0,9.3,6.5,0.3,3,-3.333333333
1260,"3/21/2007",0,8.7,6.5,0.37,11,10.55555556
1261,"4/6/2007",0,9.9,6.5,0.45,11,7.777777778
1262,"4/19/2007",0,8.7,6.5,0.2,13,13.88888889
1263,"5/3/2007",0,7.2,6.5,0.7,19,15
1264,"5/24/2007",0,6.9,7,0.6,20,18.33333333
1266,"6/14/2007",0,8.8,6.5,7.4,20,19.44444444
1268,"7/19/2007",0,4.7,7,0.7,27,26.66666667
1269,"8/2/2007",0,3.2,8,0.55,28,25.55555556
1270,"8/21/2007",0,5.1,7.5,0.8,26,26.66666667
1271,"9/6/2007",0,4.2,8.5,0.65,25,27.22222222
1272,"9/27/2007",0,3.2,8,0.9,25,22.77777778
1273,"10/11/2007",0,3.2,7,0.7,23,18.33333333
1275,"11/1/2007",0,3.7,7,0.7,28,20
1276,"11/12/2007",0,4.1,7,0.6,13,13.88888889
1277,"12/6/2007",0,6.8,7,0.25,5,2.777777778
1278,"12/20/2007",0,6.3,7,0.6,6,3.888888889
1282,"2/19/2008",0,5.1,6.5,2.1,12,7.777777778
1284,"3/21/2008",0,4.8,6.5,1.5,15,8.888888889
1286,"4/17/2008",0,4,6.5,1.2,16,15
1287,"5/22/2008",0,4.3,7,1,22,19.44444444
1289,"6/19/2008",1,5.2,7,0.7,27,-17.77777778
1291,"7/21/2008",1,3.8,6.5,1.3,32,29.44444444
1295,"9/23/2008",1,6.6,7,0.5,20,20
1298,"11/6/2008",1,6.8,6.5,0.85,15,15.55555556
1303,"1/17/2008",1,4.9,7,0.9,5,5.555555556
1307,"3/21/2008",0,6.9,8,0.6,13,9.444444444
1309,"4/17/2008",0,5.3,8.5,0.55,13,15
1311,"5/22/2008",0,5.2,7,0.4,22,20
1313,"6/19/2008",1,5.9,7.5,0.4,26,-17.77777778
1315,"7/21/2008",1,2.8,7.5,2.5,30,29.44444444
1319,"9/23/2008",2,3.9,7,0.2,20,20
1322,"11/6/2008",3,7,7.5,0.3,15,15.55555556
1328,"2/7/2008",0,4.3,7,0.7,16,16.11111111
1330,"3/7/2008",0,5.2,7,0.6,4,7.222222222
1332,"4/3/2008",0,6.5,7,0.5,13,8.888888889
1333,"5/8/2008",0,2.3,7,0.6,20,21.11111111
1335,"6/5/2008",0,5.4,8,0.4,29,25.55555556
1337,"7/3/2008",1,5.1,7,0.4,29,30.55555556
1341,"9/9/2008",1,3.1,7.5,0.2,28,23.33333333
1343,"10/9/2008",0,3.9,8,0.2,21,21.11111111
1344,"10/28/2008",1,6.3,8,0.5,10,7.222222222
1346,"11/18/2008",1,6.3,7,0.5,8,5
1347,"12/4/2008",0,7.1,6,1.5,8,8.333333333
1348,"12/16/2008",1,6.4,7.5,0.5,10,9.444444444
1350,"1/17/2008",1,5.1,6.5,1.3,6,5.555555556
1351,"2/7/2008",0,6.5,6.5,1.9,15,16.66666667
1353,"3/7/2008",0,8.1,6.5,2,4,7.222222222
1355,"4/3/2008",0,7,6.5,1.3,12,8.333333333
1357,"5/8/2008",0,2.2,6,1.5,20,21.11111111
1359,"6/5/2008",0,5,7,1.3,28,28.33333333
1361,"7/3/2008",1,4.6,7,1.2,27,28.33333333
1363,"8/7/2008",0,5,6.5,1.2,28,26.11111111
1365,"9/9/2008",1,6,6.5,1.2,27,22.77777778
1367,"10/9/2008",0,6,6.5,1.4,21,20.55555556
1368,"10/28/2008",1,8.1,6.5,1.4,12,7.222222222
1370,"11/18/2008",1,6,6.5,1.4,10,5
1372,"12/16/2008",1,6.4,6.5,1.5,11,9.444444444
1374,"1/17/2008",1,7.1,7,0.3,6,5.555555556
1375,"2/7/2008",0,3,7,0.8,15,16.11111111
1376,"2/19/2008",0,5.3,7,0.7,11,7.222222222
1377,"3/7/2008",0,4,7,0.7,5,7.222222222
1378,"3/21/2008",0,7.5,7,0.7,12,8.888888889
1379,"4/3/2008",1,7.9,7,0.4,12,8.333333333
1380,"4/17/2008",0,6.4,7,0.25,12,15
1381,"5/8/2008",0,5.3,7,1,20,21.11111111
1383,"6/5/2008",0,4.9,7.2,0.88,26,28.33333333
1384,"6/19/2008",4,6.2,7,0.6,24.5,23.88888889
1385,"7/3/2008",1,7.3,8,0.4,26,27.22222222
1386,"7/21/2008",2,5.6,8.5,0.7,28,28.33333333
1387,"8/7/2008",3,6.6,8,0.7,26,25.55555556
1389,"9/9/2008",2,4.5,6,0.825,25,22.77777778
1390,"9/23/2008",3,3.7,8,1,20,20
1391,"10/9/2008",0,5.3,7,0.6,20,20
1392,"10/28/2008",3,7,7.5,0.9,11,7.222222222
1393,"11/6/2008",3,5.9,7,0.3,20,15
1394,"11/18/2008",1,9.3,7,0.7,9,5
1395,"12/4/2008",1,6.6,7,0.7,7,8.333333333
1396,"12/16/2008",1,5.6,6.5,0.85,12,9.444444444
1398,"1/27/2009",0,6.9,6.5,0.8,4,3.333333333
1400,"2/19/2009",0,5.2,6.5,0.9,10,12.77777778
1404,"4/21/2009",0,3.7,6.5,0.6,19,16.11111111
1406,"5/21/2009",0,4.1,7,0.7,21,16.11111111
1408,"6/23/2009",0,4.2,7,0.5,16,22.77777778
1410,"7/21/2009",0,3.2,6.5,0.45,27,22.22222222
1412,"8/20/2009",0,3.5,6.5,0.5,29,26.66666667
1414,"9/17/2009",0,1.9,6.5,0.6,24,21.11111111
1416,"10/20/2009",0,6.3,6.5,0.5,14,5.555555556
1419,"12/1/2009",0,6.4,6.5,0.7,12,7.777777778
1422,"1/27/2009",0,8,7,0.3,4,3.333333333
1424,"2/19/2009",0,8,7,0.25,10,12.77777778
1428,"4/21/2009",0,5.3,8,0.6,21,16.66666667
1430,"5/21/2009",0,4.8,9,0.3,20,16.11111111
1432,"6/23/2009",0,0.8,8.5,0.2,27,22.77777778
1434,"7/21/2009",0,1.8,7,0.5,25,22.22222222
1436,"8/20/2009",0,4.3,7.5,0.4,29,27.22222222
1438,"9/17/2009",0,1.1,6.5,0.6,24,25.55555556
1440,"10/20/2009",0,6.8,7,0.5,13,14.44444444
1443,"12/1/2009",0,5.3,7,0.58,10,8.333333333
1447,"2/5/2009",0,8.4,7,0.5,1,-3.333333333
1449,"3/5/2009",0,7.5,6.5,0.5,8,4.444444444
1451,"4/5/2009",0,5.3,6.5,0.5,12,8.888888889
1457,"7/7/2009",0,4.2,6.5,0.35,26,23.88888889
1461,"9/1/2009",0,4.6,7.5,0.6,22,21.11111111
1462,"10/1/2009",0,4.2,7,0.3,21,20.55555556
1465,"11/20/2009",0,5.3,6.5,0.5,16,14.44444444
1467,"12/15/2009",2,6.3,6.5,0.67,11,10.55555556
1470,"2/5/2009",0,9.7,6.5,1.4,2,-3.333333333
1474,"4/5/2009",0,6.7,6.5,1.5,14,8.888888889
1476,"5/7/2009",0,5,7,1.7,23,21.11111111
1478,"6/2/2009",0,4,6.5,1.5,26,22.77777778
1480,"7/7/2009",0,4,6.5,1.7,26,23.88888889
1484,"9/1/2009",1,7.7,6,1.5,21,21.11111111
1486,"10/1/2009",0,3.8,6,1.7,20,20.55555556
1489,"11/20/2009",0,6,6,1.6,15,14.44444444
1491,"12/15/2009",2,7.2,5.5,1.65,10,10.55555556
1493,"1/27/2009",0,6.4,7,0.03,5,3.333333333
1494,"2/5/2009",1,9.1,7,0.3,2,-3.333333333
1495,"2/19/2009",1,9,7,3.5,12,12.77777778
1496,"3/5/2009",1,9,7,0.3,12,4.444444444
1498,"4/5/2009",0,7.5,7,0.8,15,8.888888889
1500,"5/7/2009",0,6.9,7,1.1,21,20.55555556
1501,"5/21/2009",0,8.1,8.5,0.03,19,15.55555556
1502,"6/2/2009",0,5.8,8.5,0.5,24,22.77777778
1503,"6/23/2009",0,6.6,9,0.7,24,22.77777778
1504,"7/7/2009",2,5.3,9,0.8,25,23.88888889
1505,"7/21/2009",1,3.1,8.5,0.65,25,22.22222222
1506,"8/4/2009",0,3.3,8.5,0.8,28,26.66666667
1507,"8/20/2009",0,3,7.5,0.8,27,26.66666667
1508,"9/1/2009",2,2.7,7,0.6,22,21.11111111
1509,"9/17/2009",2,4.1,7,0.8,24,21.11111111
1510,"10/1/2009",1,6.9,7,0.8,20,20.55555556
1511,"10/20/2009",0,2.3,7,0.4,12,13.33333333
1512,"11/5/2009",0,7.6,6.5,0.8,16,15.55555556
1513,"11/20/2009",2,7.2,7,0.9,16,14.44444444
1514,"12/1/2009",0,7.8,6.5,0.88,10,7.777777778
1520,"3/16/2010",0,5.7,6,0.7,12,6.666666667
1522,"4/23/2010",0,4,6.5,0.6,18,15
1524,"5/19/2010",0,4.6,6.5,0.7,20,15
1526,"6/15/2010",0,4.5,6.5,0.5,29,27.22222222
1528,"7/20/2010",0,4.1,6.5,0.9,28,28.88888889
1530,"8/17/2010",0,4.2,6.5,0.9,28,30
1532,"9/22/2010",0,4,7.5,0.8,26,23.88888889
1535,"11/16/2010",0,8.2,6.5,0.9,14,15.55555556
1542,"3/16/2010",0,8.1,7,0.6,11,6.666666667
1544,"4/23/2010",0,4,6.5,0.4,16,15.55555556
1546,"5/19/2010",0,5.2,7.5,0.4,16,15
1548,"6/15/2010",0,4.2,7,0.2,28,27.22222222
1550,"7/20/2010",0,3.7,7,0.4,29,28.88888889
1554,"9/22/2010",0,3.2,9,0.35,26,23.88888889
1557,"11/16/2010",0,4.3,8.5,0.2,16,15.55555556
1559,"12/21/2010",0,4.3,7,0.4,3,-0.555555556
1563,"3/5/2010",0,9.5,6.5,0.6,7,4.444444444
1565,"4/6/2010",0,5.1,6.5,0.5,22,22.22222222
1567,"5/6/2010",0,4.9,6.5,0.3,24,24.44444444
1569,"6/1/2010",0,5.1,7,0.3,25,25
1571,"7/8/2010",0,5.2,7.5,0.4,30,27.77777778
1573,"8/3/2010",0,4.5,6.5,0.4,28,28.33333333
1575,"9/2/2010",0,2.3,7,0.6,27,24.44444444
1577,"11/2/2010",0,7.3,7.5,0.5,13,12.77777778
1579,"12/7/2010",0,8.8,7,0.5,2,-1.111111111
1584,"3/5/2010",0,8.7,6.5,1.5,6,4.444444444
1586,"4/6/2010",0,6.3,6,1.7,22,22.22222222
1588,"5/6/2010",0,5,6.5,1.5,25,24.44444444
1590,"6/1/2010",0,5.2,6,1.5,25,25
1592,"7/8/2010",0,5.2,6.5,1.2,31,27.22222222
1594,"8/3/2010",0,6,6.5,1.2,28,27.77777778
1596,"9/2/2010",0,2.7,6.5,1.2,26,24.44444444
1598,"10/14/2010",0,5.9,6.5,1.3,19,20
1599,"11/2/2010",0,7.2,6.5,1.4,13,12.77777778
1601,"12/7/2010",0,10.3,6,1.1,2,-1.111111111
1606,"3/5/2010",0,7.7,6.5,0.4,10,4.444444444
1607,"3/16/2010",0,7.9,6.5,0.8,10,6.666666667
1608,"4/6/2010",1,5.9,6.5,1,20,22.22222222
1609,"4/23/2010",1,6.7,6.5,0.6,16,14.44444444
1610,"5/6/2010",0,6.5,7,0.9,23,24.44444444
1611,"5/19/2010",0,7,6.5,0.6,17,15
1612,"6/1/2010",0,6.8,7,0.9,25,25
1613,"6/15/2010",0,5.4,7,0.5,28,26.66666667
1614,"7/8/2010",0,3.6,8.5,0.45,29,27.22222222
1615,"7/20/2010",0,3.9,7,1,27,27.77777778
1616,"8/3/2010",0,5.1,7,0.5,26,27.77777778
1617,"8/17/2010",0,3.1,8,0.9,27,30
1618,"9/2/2010",0,3.3,7,0.7,26,24.44444444
1619,"9/22/2010",0,5,8.5,0.8,26,23.33333333
1620,"10/14/2010",0,3.9,7.5,0.8,19,-17.77777778
1621,"11/2/2010",0,5,7.5,0.4,12,12.77777778
1622,"11/16/2010",0,6.7,8,0.8,15,15.55555556
1623,"12/7/2010",0,5.7,7,0.5,4,-1.111111111
1629,"3/24/2011",0,3,6.5,1,14,8.888888889
1631,"4/28/2011",0,4,6.5,0.3,24,24.44444444
1633,"5/26/2011",0,2.4,7.5,0.8,28,26.11111111
1635,"6/23/2011",0,5.7,7.5,0.8,27,30.55555556
1637,"7/28/2011",0,3.2,7.5,0.8,31,30.55555556
1639,"9/8/2011",0,5,6.5,0.8,27,25.55555556
1641,"10/13/2011",0,4,6.5,0.8,22,23.88888889
1645,"12/8/2011",0,8,7,0.9,12,8.333333333
1647,"1/4/2011",0,7.2,6.5,0.4,5,0
1651,"3/24/2011",0,3.9,7,0.5,14,8.888888889
1657,"6/23/2011",0,5.8,8,0.3,27,31.66666667
1659,"7/28/2011",0,2.4,7,0.4,30,29.44444444
1661,"9/8/2011",0,3.1,6.5,0.2,27,25.55555556
1663,"10/13/2011",0,3,7,0.05,22,23.88888889
1665,"11/10/2011",0,7.9,7.5,0.2,19,15.55555556
1667,"12/8/2011",0,5,7,0.4,13,8.333333333
1670,"1/18/2011",0,5.1,6.5,0.8,5,4.444444444
1674,"4/14/2011",0,5.6,8,0.3,19,14.44444444
1675,"4/28/2011",0,3.6,7,0.17,23,24.44444444
1679,"1/18/2011",0,10,6.5,1.4,6,3.888888889
1683,"4/14/2011",0,6.9,6.5,1.4,19,14.44444444
1687,"6/9/2011",0,4.8,7,1.2,29,29.44444444
1689,"7/14/2011",0,5.6,6.5,1.1,27,24.44444444
1691,"8/11/2011",0,2,7,0.9,29,27.77777778
1693,"9/22/2011",0,4.6,6.5,1.4,25,25.55555556
1699,"12/22/2011",0,9.8,7,1.4,16,15.55555556
1700,"1/4/2011",0,3.1,6.5,0.45,5,-0.555555556
1701,"1/18/2011",0,6.2,7,0.6,7,3.888888889
1702,"2/8/2011",0,3.8,6.5,0.6,8,7.777777778
1704,"3/24/2011",0,3.3,7,0.55,33,11.11111111
1705,"4/14/2011",0,3.5,7,0.6,16.5,14.44444444
1706,"4/28/2011",0,5.2,7,1.3,23,24.44444444
1708,"5/26/2011",0,3.7,7.5,0.9,25,26.11111111
1709,"6/9/2011",0,3.2,8,0.8,27,29.44444444
1710,"6/23/2011",0,5.6,8,0.9,26,26.66666667
1711,"7/14/2011",0,3,8.5,0.6,26,23.88888889
1712,"7/28/2011",0,2,9,0.7,29,29.44444444
1713,"8/11/2011",0,3.5,9,0.7,28,27.77777778
1714,"9/8/2011",0,5,7,1.1,26,25.55555556
1715,"9/22/2011",0,5.3,8,0.7,24,25.55555556
1716,"10/13/2011",0,4.2,7.5,0.7,21,23.88888889
1717,"10/27/2011",0,7.4,7.5,0.9,16,16.66666667
1718,"11/10/2011",0,5.2,7.5,0.7,16,15.55555556
1719,"11/22/2011",0,7.3,7,0.6,16,16.11111111
1720,"12/8/2011",0,7.9,7,0.7,12,8.333333333
1721,"12/22/2011",0,7.8,7,0.7,17,15.55555556
1722,"1/11/2012",0,8.2,6.5,0.9,12,11.66666667
1724,"2/9/2012",0,5.8,7,1,8,3.888888889
1728,"4/12/2012",0,7,7,0.7,14,10.55555556
1730,"5/10/2012",0,4.5,7,0.9,21,17.22222222
1732,"6/14/2012",0,4.9,7,0.7,22,20.55555556
1735,"8/9/2012",0,3,7,0.9,28,26.66666667
1737,"9/4/2012",0,4.3,6.5,0.7,28,26.66666667
1742,"11/29/2012",0,9,6.5,0.2,8,8.888888889
1744,"1/11/2012",0,6,7,0.3,11,12.22222222
1746,"2/9/2012",0,7.5,7,0.3,8,3.888888889
1748,"3/1/2012",0,6.3,7.5,0.4,16,20.55555556
1750,"4/12/2012",0,7,7.5,0.3,13,10.55555556
1752,"5/10/2012",0,6.7,7,0.5,20,17.77777778
1754,"6/14/2012",0,4.5,7.5,0.2,22,21.11111111
1757,"8/9/2012",0,2.9,7.5,0.4,27,26.66666667
1762,"10/19/2012",0,7.1,7,0.4,20,21.11111111
1764,"11/29/2012",0,9.7,7,0.4,9,9.444444444
1767,"1/26/2012",0,7.2,6.5,1.4,11,10
1769,"2/21/2012",0,10,6.5,1.5,8,7.777777778
1771,"3/8/2012",0,9.5,6.5,1.5,14,14.44444444
1773,"4/26/2012",0,7.4,6.5,1.4,17,17.22222222
1775,"5/24/2012",0,6.1,6.5,1.5,25,22.22222222
1777,"6/28/2012",0,5,6.5,1.3,27,22.77777778
1778,"7/19/2012",0,4.2,7,1.4,30,27.77777778
1780,"8/23/2012",0,5.5,6.5,1.4,26,24.44444444
1783,"10/4/2012",0,5.8,6.5,1.2,24,23.88888889
1784,"10/19/2012",0,5.5,7.5,0.8,22,21.11111111
1785,"11/8/2012",0,8.6,6,1.5,9,7.222222222
1787,"12/13/2012",0,8.8,6.5,1.6,9,8.888888889
1788,"1/11/2012",0,6.9,7.5,0.7,12,12.22222222
1789,"1/26/2012",0,6.5,7,0.8,11,10
1790,"2/9/2012",0,5.3,7.5,0.3,8,3.888888889
1791,"2/21/2012",0,6.2,7,0.2,8,7.777777778
1793,"3/8/2012",0,7.2,7,0.6,13,14.44444444
1794,"4/12/2012",0,6.5,8,0.6,11,10.55555556
1795,"4/26/2012",0,7.1,7.5,0.8,17,17.22222222
1796,"5/10/2012",0,5.3,8,0.7,19,17.22222222
1797,"5/24/2012",0,6.1,8.5,0.8,24,22.22222222
1798,"6/14/2012",0,3.9,8.5,0.7,22,20.55555556
1800,"7/19/2012",0,5.9,8.5,0.9,28,27.77777778
1802,"8/23/2012",0,6.1,8,0.7,25,25
1803,"9/4/2012",0,3.7,7,0.8,25,29.44444444
1805,"10/4/2012",0,4.8,8,0.7,24,23.88888889
1807,"11/8/2012",0,7.6,7,0.2,10,7.222222222
1808,"11/29/2012",0,8.9,7,0.5,7,8.888888889
1809,"12/13/2012",0,8.4,7,0.3,9,8.888888889
1810,"1/10/2013",0,6.9,6.5,0.9,8,8.888888889
1816,"4/11/2013",0,5.9,6,0.9,21,19.44444444
1818,"5/8/2013",0,5.6,7,0.6,22,21.11111111
1820,"6/13/2013",0,6.1,7.5,0.7,29,28.33333333
1822,"7/11/2013",0,4.1,7,0.9,26,27.22222222
1824,"8/8/2013",0,5.3,6,0.7,28,26.66666667
1826,"9/12/2013",0,4.8,7,0.6,26,23.88888889
1829,"11/12/2013",0,7,7,0.7,13,12.22222222
1838,"4/11/2013",0,5.8,7.5,0.4,20,20
1840,"5/8/2013",0,4.2,8,0.2,22,20
1842,"6/13/2013",0,5.4,8,0.2,29,28.33333333
1846,"8/8/2013",0,6.4,8,0.3,27,26.66666667
1853,"12/4/2013",0,5,7,0.2,11,10.55555556
1858,"2/28/2013",0,9.8,6.5,1.5,9,8.888888889
1860,"3/28/2013",0,10,6.5,1.6,8,8.888888889
1862,"4/26/2013",0,8.6,6.5,1.5,15,12.22222222
1864,"5/25/2013",0,5.5,6,1.5,24,22.22222222
1868,"7/25/2013",0,3.8,6.5,1.8,27,22.22222222
1869,"8/8/2013",0,6.8,7,1.3,26,26.11111111
1870,"8/22/2013",0,4.2,6.5,1.5,27,25.55555556
1872,"9/26/2013",0,6.1,6.7,1.1,20,20.55555556
1873,"10/22/2013",0,7,6.5,1.2,17,14.44444444
1875,"11/19/2013",0,9.6,6.5,1.2,12,11.11111111
1877,"12/11/2013",0,8.65,6.5,0.8,8,3.333333333
1878,"1/10/2013",0,8.5,7,0.5,9,8.888888889
1879,"1/24/2013",0,8.7,7,0.4,3,0
1880,"2/14/2013",0,7.7,7,2.5,9,7.222222222
1881,"2/28/2013",0,8.5,7,0.7,10,8.888888889
1883,"3/28/2013",0,10,7,0.3,8,8.888888889
1884,"4/11/2013",0,8,7,0.9,20,17.77777778
1885,"4/26/2013",0,8.9,7,0.2,14,12.22222222
1886,"5/8/2013",0,8.2,7,0.7,19,19.44444444
1887,"5/25/2013",0,6.1,7.5,0.9,24,22.22222222
1888,"6/13/2013",0,6.9,7.5,0.7,26,27.22222222
1889,"6/25/2013",0,6.7,7.5,0.9,26,25.55555556
1890,"7/11/2013",0,6.8,7.5,0.9,26,27.22222222
1891,"7/25/2013",0,5.9,8,0.8,26,22.22222222
1892,"8/8/2013",0,6.8,8.5,0.8,24,26.11111111
1893,"8/22/2013",0,6,8.5,0.7,26,25.55555556
1894,"9/12/2013",0,4.3,8,0.8,25,23.88888889
1895,"9/26/2013",0,6.1,8.5,0.4,19,20.55555556
1896,"10/22/2013",0,7.9,7,0.8,16,14.44444444
1897,"11/12/2013",0,9.8,7.5,0.6,11,12.22222222
1898,"11/19/2013",0,7.1,7,0.5,12,11.11111111
1899,"12/4/2013",0,7,7.5,0.5,11,10
1900,"12/11/2013",0,8.35,7,0.5,8,3.333333333
1903,"1/3/2014",0,7.9,6.5,1.2,5,-3.333333333
1904,"1/3/2014",0,7.3,7,0.4,5,-3.333333333
1905,"1/14/2014",0,6.8,6.5,0.5,11,11.66666667
1908,"1/14/2014",0,8.7,7,0.6,11,11.66666667
1911,"2/11/2014",0,10,6.5,1.4,2,-1.666666667
1912,"2/11/2014",0,8.8,7,0.2,3,-1.666666667
1913,"2/25/2014",0,6,6.5,0.5,9,5
1914,"2/25/2014",0,8.1,7,0.3,8,5
1916,"2/25/2014",0,6.9,7,0.5,9,5
1917,"3/12/2014",0,8.2,7.5,0.5,14,13.88888889
1918,"3/12/2014",0,8.2,6,1.4,14,12.22222222
1921,"3/27/2014",0,10,7,0.3,4,4.444444444
1927,"4/10/2014",0,8.2,6.5,1.6,16,11.66666667
1929,"5/7/2014",0,6.8,7,0.9,18,15.55555556
1932,"5/7/2014",0,6.6,6.5,1.5,19,15.55555556
1933,"5/20/2014",0,7.3,7.5,0.5,18,19.44444444
1934,"5/20/2014",0,3,6.5,0.3,21,19.44444444
1935,"5/20/2014",0,3.86,7.5,0.5,20,20
1937,"6/10/2014",0,5.4,7,0.8,15,22.22222222
1938,"6/10/2014",0,0,7,0.7,27,23.33333333
1939,"6/10/2014",0,0,8,0.3,27,-5
1940,"6/10/2014",0,4.3,7,1.3,27,-5
1941,"6/24/2014",0,4,7,0.6,25,25.55555556
1942,"6/24/2014",0,6,7,0.1,27,25.55555556
1944,"6/24/2014",0,4.2,8,0.6,24,25.55555556
1947,"7/8/2014",0,5.8,6.5,1.3,28,28.33333333
1948,"7/8/2014",0,4.2,7.5,0.8,25,28.33333333
1949,"7/22/2014",0,3.7,7.5,0.6,26,26.66666667
1952,"7/22/2014",0,5.3,7,1.3,27,26.66666667
1953,"8/12/2014",0,3.9,8,7.5,25,26.11111111
1955,"8/12/2014",0,3,8,0.1,26,26.66666667
1956,"8/12/2014",0,2.4,6.5,0.8,26,26.66666667
1958,"8/28/2014",0,5.3,6.5,1.5,25,25.55555556
1959,"8/28/2014",0,3.9,8.5,0.45,24,25.55555556
1960,"9/10/2014",0,4.6,6.5,0.4,24,23.88888889
1961,"9/10/2014",0,3.7,6.5,0.2,25,23.88888889
1963,"9/10/2014",0,2.7,7.5,0.8,24,23.88888889
1964,"9/23/2014",0,7,8,0.6,20,17.22222222
1968,"10/7/2014",0,6.4,7,0.3,20,19.44444444
1969,"10/7/2014",0,5.9,7,0.1,17,19.44444444
1974,"10/21/2014",0,7.6,6,1.3,18,20
1975,"10/21/2014",0,6.5,7.5,0.7,16.5,20
1976,"11/13/2014",0,7,7,0.4,13,10.55555556
1977,"11/13/2014",0,7.2,6.5,0.3,14,10.55555556
1978,"11/13/2014",0,6.2,7.5,0.15,13,10.55555556
1980,"12/2/2014",0,9.8,7,0.6,11,8.888888889
1983,"12/2/2014",0,9.7,6,1.2,10,8.888888889
1984,"12/19/2014",0,7.6,9,0.5,11,5.555555556
1985,"12/19/2014",0,7.3,7,1,7,5.555555556
1986,"12/19/2014",0,6.3,6.5,0.15,7,5.555555556
1988,"1/6/2015",0,8.9,7,0.6,9,3.333333333
1991,"1/6/2015",0,9,6.5,1.5,9,3.333333333
1992,"1/20/2015",0,8.3,7,0.6,7,6.666666667
1995,"1/20/2015",0,9,6.5,1.4,8,7.222222222
1997,"2/3/2015",0,9.7,6.5,0.5,3,0
1998,"2/3/2015",0,7.6,6.5,0.3,3,1.666666667
2002,"2/24/2015",0,10,6.5,0.15,0,-3.888888889
2003,"2/24/2015",0,9.2,7,0.2,3,-3.888888889
2004,"4/21/2015",0,7.1,7,0.9,20,18.33333333
2006,"4/21/2015",0,4,6.5,0.4,19,18.33333333
2007,"4/7/2015",0,8.2,7,0.6,15,17.77777778
2008,"4/7/2015",0,7.4,6.5,1.3,16,17.77777778
2012,"3/24/2015",0,10,7,0.3,9,4.444444444
2013,"3/24/2015",0,10,7,0.5,9,5
2014,"3/24/2015",0,7.8,7,0.3,10,5
2016,"5/7/2015",0,6.3,7.5,0.6,20,18.33333333
2017,"5/7/2015",0,7.7,7,1.3,20,18.33333333
2020,"6/1/2015",0,4.3,7.5,0.9,25,23.33333333
2021,"6/1/2015",0,5.8,7,0.9,27,23.88888889
2024,"6/11/2015",0,5,8.5,0.8,26,25.55555556
2025,"6/11/2015",0,4,8,0.5,27,28.33333333
2026,"6/11/2015",0,5.1,8,0.6,28,28.88888889
2029,"7/23/2015",0,7,7.5,0.3,31,27.77777778
2030,"7/23/2015",0,6,7.5,0.4,30,27.77777778
2031,"7/23/2015",0,7,9,0.8,27,27.22222222
2032,"9/22/2015",0,4.5,8,0.3,23,22.77777778
2033,"9/9/2015",0,2.9,9,0.05,26,27.22222222
2034,"10/7/2015",0,5.5,7,0.5,18,18.33333333
2038,"10/13/2015",0,6.7,7,0.4,15,11.11111111
2039,"10/13/2015",0,6,7,0.05,12,10
2041,"10/13/2015",0,4.9,7,0.6,12,10
2044,"11/3/2015",0,6.6,6.5,1.3,18,18.33333333
2045,"11/3/2015",0,6.6,7,0.6,28,18.33333333
2046,"11/17/2015",0,5.5,7.5,0.8,13,12.77777778
2047,"11/17/2015",0,6.5,6.5,0.5,15,13.33333333
2048,"11/17/2015",0,8,7,0.1,14,12.77777778
2056,"12/15/2015",0,6.6,6,1.8,16,17.22222222
2057,"12/15/2015",0,7.9,7,0.8,17,17.22222222
2061,"12/30/2015",0,6.2,6,1.4,19,15
2062,"12/30/2015",0,8.7,7,0.9,18,15
2063,"1/13/2016",0,6.5,6.5,0.8,7,3.888888889
2064,"1/13/2016",0,9.1,7,0.9,5,3.888888889
2066,"1/13/2016",0,6.6,6.5,0.3,5,4.444444444
2069,"2/11/2016",0,10,5.5,1.3,3,-2.777777778
2070,"2/11/2016",0,9.5,7,0.2,5,-2.777777778
2071,"2/23/2016",0,9,7,0.6,11,8.888888889
2073,"2/23/2016",0,7.5,6.5,1,11,8.888888889
2075,"3/8/2016",0,9.5,7,0.7,11,15.55555556
2076,"3/8/2016",0,9.5,6.5,1.8,12,15.55555556
2079,"3/22/2016",0,7.1,6.5,0.6,11,8.888888889
2080,"3/22/2016",0,6.5,7,0.3,11,10
2082,"3/22/2016",0,7.1,7,0.4,10,8.888888889
2085,"4/14/2016",0,6,6.5,1.3,14,8.888888889
2086,"4/14/2016",0,7.9,7,0.3,13,8.888888889
2087,"5/3/2016",0,4.5,7,0.9,21,18.33333333
2092,"8/31/2016",0,3.9,7.5,0.4,28,27.77777778
2093,"8/31/2016",0,4.2,8.5,0.01,28,27.22222222
2095,"8/31/2016",0,4.3,8.5,0.5,27,27.22222222
2099,"9/22/2016",0,3.2,7,1,23,23.88888889
2100,"10/5/2016",0,3.8,6.5,0.5,22,21.11111111
2101,"10/5/2016",0,2.9,6.5,0.3,25,21.11111111
2107,"10/18/2016",0,6,6.5,1.4,25,18.88888889
2109,"11/2/2016",0,3.8,6.5,0.2,16,15.55555556
2110,"11/2/2016",0,4.4,6.5,0.4,16,15.55555556
2111,"11/2/2016",0,6.3,6.7,0.7,17,15.55555556
2114,"11/16/2016",0,8.8,6.5,1.3,14,12.77777778
2115,"11/16/2016",0,9,7,0.8,13,12.77777778
2118,"12/7/2016",0,7.6,7,0.5,11,8.888888889
2119,"12/7/2016",0,10,6.5,1.1,11,8.888888889
2121,"12/20/2016",0,6.7,7,3.5,5,3.333333333
2123,"12/20/2016",0,10,6.5,1.7,5,3.333333333
2126,"1/24/2017",0,3.2,7,0.6,9,7.222222222
2127,"1/24/2017",0,7.6,6.5,0.5,8,7.222222222
2129,"2/7/2017",0,10,6.5,1.3,10,14.44444444
2130,"2/7/2017",0,8.2,7,0.6,9,14.44444444
2133,"2/21/2017",0,5.7,6.5,0.9,13,10
2134,"2/21/2017",0,5.2,7,0.5,13,8.888888889
2135,"2/21/2017",0,5.2,7,0.5,12,8.888888889
2136,"3/8/2017",0,7.1,7,0.5,13,8.333333333
2139,"3/8/2017",0,10,6.5,1.6,12,8.333333333
2142,"3/21/2017",0,5,7,0.3,10,10.55555556
2143,"3/21/2017",0,3.2,7,0.3,10,10
2148,"5/25/2017",0,4.2,6.5,0.8,22,22.22222222
2152,"7/25/2017",0,3.6,7,0.9,27,27.77777778
2157,"6/19/2017",0,3.9,7,0.5,26,22.22222222
2159,"7/25/2017",0,4.2,7,0.2,28,27.22222222
2160,"4/18/2017",0,7.3,6,1.1,17,16.11111111
2161,"5/11/2017",0,6.5,6.5,1.7,19,16.66666667
2163,"6/7/2017",0,4.6,6.5,1.6,22,17.77777778
2165,"7/11/2017",0,5.3,6.5,1.1,29,23.88888889
2167,"4/18/2017",0,6,6,0.7,20,16.11111111
2168,"5/11/2017",0,5,6,0.4,18,16.66666667
2169,"5/25/2017",0,6.9,7,0.9,20,22.22222222
2170,"6/7/2017",0,3.5,6,0.9,21,17.77777778
2171,"6/19/2017",0,4.3,6.5,1,25,22.22222222
2172,"7/11/2017",0,4.7,7,0.9,27,23.88888889
2173,"7/25/2017",0,6.2,7,0.9,26,27.22222222
2176,"4/4/2017",0,6.2,6.5,1.1,19,21.11111111
2177,"4/4/2017",0,4.2,6.25,0.9,19,20.55555556
2181,"8/8/2017",0,6.2,7,0.9,25,21.11111111
2184,"9/12/2017",0,5.8,6.5,1.7,20,22.22222222
2185,"9/12/2017",0,6,7,0.3,20,22.22222222
2186,"9/29/2017",0,3,7,0.1,24.5,25.55555556
2191,"10/12/2017",0,5.8,6.5,2.1,26,23.33333333
2192,"10/12/2017",0,5.2,7,1.9,25,23.33333333
2193,"10/26/2017",0,7.1,7,0.8,26,12.22222222
2194,"10/26/2017",0,6.8,6.5,0.4,27,12.22222222
2195,"10/26/2017",0,4.1,6.5,0.2,26,12.22222222
2203,"11/29/2017",0,5.2,6.5,0.2,6,8.888888889
2206,"12/12/2017",0,9.9,6.5,1.3,7,8.888888889
2207,"11/29/2017",0,10,7,0.8,9,8.888888889
2208,"12/12/2017",0,10,7,0.8,9,8.888888889
2212,"3/22/2018",0,8,6.5,0.9,7,4.444444444
2216,"5/25/2018",0.1,4,6.5,7,26,28.88888889
2218,"6/27/2018",0.1,4.7,4.8,0.5,27,24.44444444
2221,"8/14/2018",0,3.8,6.5,1.2,28,25.55555556
2223,"9/20/2018",0.09,4.4,6.5,0.5,28,26.66666667
2224,"1/31/2018",0,10,7,1,3,-1.111111111
2225,"1/31/2018",0,7.7,6.5,0.5,3,-1.111111111
2229,"3/22/2018",0,9.8,6.5,0.2,5,4.444444444
2231,"4/17/2018",1,8,6.5,0.4,10,8.888888889
2233,"5/25/2018",0.6,4.9,7,0.4,26.1,23.33333333
2235,"6/27/2018",0.7,3.7,7,0.2,26,24.44444444
2238,"8/14/2018",0,7.3,6.5,0.2,27,25
2240,"9/20/2018",0,5,6.5,0.2,28,26.66666667
2242,"1/16/2018",0,10,6.5,1.6,4,2.777777778
2243,"2/14/2018",0,9.5,6.5,1.4,6,7.222222222
2244,"3/7/2018",0,10,6.5,1.5,8,8.333333333
2248,"5/10/2018",0,6.3,6.5,1.2,21.4,17.22222222
2250,"6/14/2018",0,5,6.5,1.3,27,27.77777778
2253,"8/1/2018",0,4,6.5,1.6,28,27.77777778
2255,"9/4/2018",0,3.2,6.5,1.3,30,28.33333333
2256,"9/20/2018",0,5,6.5,1.4,25,26.66666667
2257,"1/31/2018",0,8,7,0.2,4,-1.111111111
2259,"2/14/2018",0,6,6,0.5,5,7.222222222
2261,"3/7/2018",0,9.2,7,0.1,9,8.333333333
2262,"3/22/2018",0,8.8,6,0.5,6,4.444444444
2263,"4/4/2018",0.66,7.9,6.5,0.9,17,21.11111111
2264,"4/17/2018",1.2,7.8,6.5,1,14,8.888888889
2265,"5/10/2018",0.18,6,6.5,0.4,20,16.66666667
2266,"5/25/2018",2.3,6.9,6.5,0.9,25,22.77777778
2267,"6/14/2018",0.1,5.6,7,0.9,24,27.77777778
2269,"7/18/2018",2.6,6.2,7,0.9,26,26.66666667
2270,"8/1/2018",1.9,3.8,7,1.2,26,27.77777778
2271,"8/14/2018",2.1,6,7,0.9,26,24.44444444
2272,"9/4/2018",1.9,6.2,7.5,0.7,28,27.77777778
2273,"9/20/2018",1.6,4.2,7,1,25,25.55555556
2276,"5/23/2019",0,4.9,7,0.6,25,20.55555556
2280,"8/20/2019",0,3.6,7,0.5,28,28.88888889
2282,"9/18/2019",0,4.6,7,0.6,23,21.66666667
2284,"10/23/2019",0,5.9,7,1,20,17.22222222
2287,"5/23/2019",0,4.1,7,0.3,27,20.55555556
2293,"9/18/2019",0,4.7,6.5,0.2,23,21.66666667
2295,"10/23/2019",0,4.6,6.5,0.2,20,17.22222222
2297,"5/8/2019",0.24,4.8,6.5,0.13,24,21.11111111
2299,"6/5/2019",0,4.1,7,1.1,15,22.22222222
2300,"7/3/2019",0,5.9,7,1.1,28,30
2301,"8/6/2019",0,3.6,6.5,1.2,25,26.11111111
2303,"9/3/2019",0,5.5,7,1.2,28,26.66666667
2307,"4/24/2019",0.7,4,6.5,1,22,20
2308,"5/8/2019",0.8,5.3,7,0.7,22,20.55555556
2309,"5/23/2019",0.8,6.9,7,0.9,22,20.55555556
2310,"6/5/2019",9,4.2,8,0.9,24,22.22222222
2311,"7/3/2019",0,6.5,7.5,0.9,26,29.44444444
2312,"8/6/2019",0.01,4.4,7.5,0.8,25,26.11111111
2313,"8/20/2019",0,4,7,1,26,27.77777778
2314,"9/3/2019",0,4.5,9,0.9,27,26.11111111
2315,"9/18/2019",0.5,4.1,7.5,0.4,22.8,21.66666667
2317,"10/23/2019",0.5,6.2,7,0.9,19,17.22222222
2319,"2/28/2019",0,10,7,1.3,10,7.777777778
2321,"3/26/2019",0,7,6.5,0.4,11,6.666666667
2324,"2/28/2019",0,8.7,6.5,0.4,10,7.777777778
2326,"3/26/2019",0,9.5,7,0.3,12,6.666666667
2328,"2/6/2019",0,10,6.5,1.5,13,7.777777778
2330,"3/14/2019",0,8.3,6.5,1.4,16,15
2332,"4/10/2019",0,6.7,6.5,1.4,20,13.88888889
2333,"2/6/2019",0,6,7,0.6,15,13.33333333
2334,"2/28/2019",0.7,10,6.5,0.6,12,7.777777778
2335,"3/14/2019",0.6,8.7,6.5,0.8,15,15
2336,"4/26/2019",0.6,10,6.5,0.4,12,6.666666667
2337,"4/10/2019",0,7.4,6.5,0.7,19,13.88888889
2339,"8/27/2015",0,5.7,7,0.4,25,26.11111111
2340,"9/9/2015",0,10,7.5,0.2,29,28.33333333
2343,"8/27/2015",0,3.2,8.5,0.2,23,26.11111111
2345,"9/22/2015",0,2.3,8,0.3,24,22.77777778
2346,"8/13/2015",0,6.1,6,1.1,27,27.77777778
2348,"9/9/2015",0,4.8,7,0.9,28,27.77777778
2350,"8/13/2015",0,6.3,9,0.4,26,27.77777778
2351,"8/27/2015",0,5,8.5,0.7,23,26.11111111
2353,"10/24/2018",0,6.6,6.5,0.7,15,14.44444444
2358,"10/24/2018",0.1,6.7,6.5,0.2,15,14.44444444
2359,"10/28/2018",0.1,5,7,0.5,13,9.444444444
2362,"10/11/2018",0,6,6.5,1.2,26,25.55555556
2365,"11/7/2018",0,6.9,6.5,1.3,20,18.33333333
2367,"10/11/2018",1.9,5,7,1.2,25,25.55555556
2368,"10/24/2018",0,9,7,0.6,18,14.44444444
2369,"10/28/2018",0.9,2.9,7,0.9,13,9.444444444
